file,source,sourceTitle,originalCanonicalId,canonicalId,action,path,reason
images/agave_companion_2023/agave-companion__agave-ginger-hot-toddy__p251.webp,Agave Companion,Agave Ginger Hot Toddy,agave-ginger-hot-toddy,agave-ginger-hot-toddy,reused_source_page,assets/recipes/agave-ginger-hot-toddy-01.webp,
images/agave_companion_2023/agave-companion__easy-paloma__p240.webp,Agave Companion,Easy Paloma,easy-paloma,easy-paloma,reused_source_page,assets/recipes/easy-paloma-01.webp,
images/agave_companion_2023/agave-companion__frozen-mezcal-hot-chocolate__p248.webp,Agave Companion,Frozen Mezcal Hot Chocolate,frozen-mezcal-hot-chocolate,frozen-mezcal-hot-chocolate,reused_source_page,assets/recipes/frozen-mezcal-hot-chocolate-01.webp,
images/agave_companion_2023/agave-companion__mangito-sonidero-margarita__p232.webp,Agave Companion,Mangito Sonidero Margarita,mangito-sonidero-margarita,mangito-sonidero-margarita,reused_source_page,assets/recipes/mangito-sonidero-margarita-01.webp,
images/agave_companion_2023/agave-companion__mezcal-negroni__p244.webp,Agave Companion,Mezcal Negroni,mezcal-negroni,mezcal-negroni,reused_source_page,assets/recipes/mezcal-negroni-01.webp,
images/agave_companion_2023/agave-companion__pomegranate-margarita__p236.webp,Agave Companion,Pomegranate Margarita,pomegranate-margarita,pomegranate-margarita,reused_source_page,assets/recipes/pomegranate-margarita-01.webp,
images/agave_companion_2023/agave-companion__summer-herb-margarita__p239.webp,Agave Companion,Summer Herb Margarita,summer-herb-margarita,summer-herb-margarita,reused_source_page,assets/recipes/summer-herb-margarita-01.webp,
images/agave_companion_2023/agave-companion__tequila-manhattan__p220.webp,Agave Companion,Tequila Manhattan,tequila-manhattan,tequila-manhattan,copied_verified_webp,assets/recipes/agave-companion__tequila-manhattan__p220.webp,
images/death_and_co/death-co__rebel-rebel__p050.webp,Death & Co,Rebel Rebel,,,retained_original_unmatched,,
images/death_and_co/death-co__pit-stop-flip__p146.webp,Death & Co,Pit Stop Flip,,,retained_original_unmatched,,
images/death_and_co/death-co__cobra-s-fang__p166.webp,Death & Co,Cobra's Fang,,,retained_original_unmatched,,
images/death_and_co/death-co__muddled-mission__p180.webp,Death & Co,Muddled Mission,,,retained_original_unmatched,,
images/death_and_co/death-co__east-india-trading-co__p201.webp,Death & Co,East India Trading Co.,,,retained_original_unmatched,,
images/death_and_co/death-co__naked-and-famous__p209.webp,Death & Co,Naked and Famous,naked-and-famous,naked-and-famous,reused_source_page,assets/recipes/naked-and-famous-06.webp,
images/death_and_co/death-co__pinche-chivo__p210.webp,Death & Co,Pinche Chivo,,,retained_original_unmatched,,
images/death_and_co/death-co__manhattan-transfer__p231.webp,Death & Co,Manhattan Transfer,,,retained_original_unmatched,,
images/death_and_co/death-co__mig-royale__p249.webp,Death & Co,Mig Royale,,,retained_original_unmatched,,
images/death_and_co/death-co__billingsley-punch__p259.webp,Death & Co,Billingsley Punch,,,retained_original_unmatched,,
images/death_and_co/death-co__celine-fizz__p271.webp,Death & Co,Celine Fizz,,,retained_original_unmatched,,
images/death_and_co/death-co__classic-manhattan__p290.webp,Death & Co,Classic Manhattan,manhattan,manhattan,copied_verified_webp,assets/recipes/death-co__classic-manhattan__p290.webp,
images/death_and_co/death-co__elder-fashion__p295.webp,Death & Co,Elder Fashion,,,retained_original_unmatched,,
images/essential_cocktail_book_2017/essential-2017__absinthe-frappe__photo-p047.webp,Essential Cocktail Book,ABSINTHE FRAPPE,absinthe-frappe,absinthe-frappe,reused_source_page,assets/recipes/absinthe-frappe-02.webp,
images/essential_cocktail_book_2017/essential-2017__adonis__photo-p049.webp,Essential Cocktail Book,ADONIS,adonis,adonis,reused_source_page,assets/recipes/adonis-02.webp,
images/essential_cocktail_book_2017/essential-2017__airmail__photo-p050.webp,Essential Cocktail Book,AIRMAIL,airmail,airmail,reused_source_page,assets/recipes/airmail-02.webp,
images/essential_cocktail_book_2017/essential-2017__americano__photo-p053.webp,Essential Cocktail Book,AMERICANO,americano,,rejected_stale_manifest_target,,"Target is an obsolete manifest key, absent from canonical recipes.json."
images/essential_cocktail_book_2017/essential-2017__aperol-spritz__photo-p054.webp,Essential Cocktail Book,APEROL SPRITZ,aperol-spritz,aperol-spritz,reused_source_page,assets/recipes/aperol-spritz-02.webp,
images/essential_cocktail_book_2017/essential-2017__aviation__photo-p057.webp,Essential Cocktail Book,AVIATION,aviation,aviation,reused_source_page,assets/recipes/aviation-02.webp,
images/essential_cocktail_book_2017/essential-2017__bamboo__photo-p058.webp,Essential Cocktail Book,BAMBOO,bamboo,bamboo,reused_source_page,assets/recipes/bamboo-02.webp,
images/essential_cocktail_book_2017/essential-2017__bee-s-knees__photo-p060.webp,Essential Cocktail Book,BEE’S KNEES,bees-knees,bees-knees,reused_source_page,assets/recipes/bees-knees-02.webp,
images/essential_cocktail_book_2017/essential-2017__bicicletta__photo-p063.webp,Essential Cocktail Book,BICICLETTA,bicicletta,bicicletta,reused_source_page,assets/recipes/bicicletta-02.webp,
images/essential_cocktail_book_2017/essential-2017__bijou__photo-p064.webp,Essential Cocktail Book,BIJOU,bijou,bijou,reused_source_page,assets/recipes/bijou-02.webp,
images/essential_cocktail_book_2017/essential-2017__black-velvet__photo-p067.webp,Essential Cocktail Book,BLACK VELVET,black-velvet,black-velvet,reused_source_page,assets/recipes/black-velvet-02.webp,
images/essential_cocktail_book_2017/essential-2017__blood-and-sand__photo-p068.webp,Essential Cocktail Book,BLOOD AND SAND,blood-and-sand,blood-and-sand,reused_source_page,assets/recipes/blood-and-sand-02.webp,
images/essential_cocktail_book_2017/essential-2017__bloody-mary__photo-p071.webp,Essential Cocktail Book,BLOODY MARY,bloody-mary,bloody-mary,reused_source_page,assets/recipes/bloody-mary-02.webp,
images/essential_cocktail_book_2017/essential-2017__boulevardier__photo-p072.webp,Essential Cocktail Book,BOULEVARDIER,boulevardier,boulevardier,reused_source_page,assets/recipes/boulevardier-02.webp,
images/essential_cocktail_book_2017/essential-2017__brooklyn__photo-p075.webp,Essential Cocktail Book,BROOKLYN,brooklyn,brooklyn,reused_source_page,assets/recipes/brooklyn-02.webp,
images/essential_cocktail_book_2017/essential-2017__brown-derby__photo-p076.webp,Essential Cocktail Book,BROWN DERBY,brown-derby,brown-derby,reused_source_page,assets/recipes/brown-derby-02.webp,
images/essential_cocktail_book_2017/essential-2017__caipirinha__photo-p079.webp,Essential Cocktail Book,CAIPIRINHA,caipirinha,caipirinha,reused_source_page,assets/recipes/caipirinha-02.webp,
images/essential_cocktail_book_2017/essential-2017__champagne-cocktail__photo-p080.webp,Essential Cocktail Book,CHAMPAGNE COCKTAIL,champagne-cocktail,champagne-cocktail,reused_source_page,assets/recipes/champagne-cocktail-02.webp,
images/essential_cocktail_book_2017/essential-2017__charles-dickens-s-punch__photo-p082.webp,Essential Cocktail Book,CHARLES DICKENS’S PUNCH,charles-dickens-s-punch,charles-dickens-s-punch,reused_source_page,assets/recipes/charles-dickens-s-punch-02.webp,
images/essential_cocktail_book_2017/essential-2017__clover-club__photo-p085.webp,Essential Cocktail Book,CLOVER CLUB,clover-club,clover-club,reused_source_page,assets/recipes/clover-club-02.webp,
images/essential_cocktail_book_2017/essential-2017__corpse-reviver-no-2__photo-p086.webp,Essential Cocktail Book,CORPSE REVIVER NO. 2,corpse-reviver-no-2,corpse-reviver-no-2,reused_source_page,assets/recipes/corpse-reviver-no-2-02.webp,
images/essential_cocktail_book_2017/essential-2017__daiquiri__photo-p089.webp,Essential Cocktail Book,DAIQUIRI,daiquiri,daiquiri,copied_verified_webp,assets/recipes/essential-2017__daiquiri__photo-p089.webp,
images/essential_cocktail_book_2017/essential-2017__daniel-webster-s-punch__photo-p090.webp,Essential Cocktail Book,DANIEL WEBSTER’S PUNCH,daniel-webster-s-punch,daniel-webster-s-punch,copied_verified_webp,assets/recipes/essential-2017__daniel-webster-s-punch__photo-p090.webp,
images/essential_cocktail_book_2017/essential-2017__dark-n-stormy__photo-p093.webp,Essential Cocktail Book,DARK ’N’ STORMY,dark-n-stormy,dark-n-stormy,copied_verified_webp,assets/recipes/essential-2017__dark-n-stormy__photo-p093.webp,
images/essential_cocktail_book_2017/essential-2017__de-la-louisiane__photo-p094.webp,Essential Cocktail Book,DE LA LOUISIANE,de-la-louisiane,de-la-louisiane,copied_verified_webp,assets/recipes/essential-2017__de-la-louisiane__photo-p094.webp,
images/essential_cocktail_book_2017/essential-2017__death-in-the-afternoon__photo-p097.webp,Essential Cocktail Book,DEATH IN THE AFTERNOON,death-in-the-afternoon,,rejected_stale_manifest_target,,"Target is an obsolete manifest key, absent from canonical recipes.json."
images/essential_cocktail_book_2017/essential-2017__florodora__photo-p098.webp,Essential Cocktail Book,FLORODORA,florodora,,rejected_stale_manifest_target,,"Target is an obsolete manifest key, absent from canonical recipes.json."
images/essential_cocktail_book_2017/essential-2017__french-75__photo-p101.webp,Essential Cocktail Book,FRENCH 75,french-75,french-75,copied_verified_webp,assets/recipes/essential-2017__french-75__photo-p101.webp,
images/essential_cocktail_book_2017/essential-2017__garibaldi__photo-p102.webp,Essential Cocktail Book,GARIBALDI,garibaldi,,rejected_stale_manifest_target,,"Target is an obsolete manifest key, absent from canonical recipes.json."
images/essential_cocktail_book_2017/essential-2017__gibson__photo-p104.webp,Essential Cocktail Book,GIBSON,gibson,gibson,copied_verified_webp,assets/recipes/essential-2017__gibson__photo-p104.webp,
images/essential_cocktail_book_2017/essential-2017__gimlet__photo-p107.webp,Essential Cocktail Book,GIMLET,gimlet,gimlet,copied_verified_webp,assets/recipes/essential-2017__gimlet__photo-p107.webp,
images/essential_cocktail_book_2017/essential-2017__gin-and-tonic__photo-p108.webp,Essential Cocktail Book,GIN AND TONIC,gin-and-tonic,,rejected_stale_manifest_target,,"Target is an obsolete manifest key, absent from canonical recipes.json."
images/essential_cocktail_book_2017/essential-2017__gin-daisy-old-and-new__photo-p110.webp,Essential Cocktail Book,GIN DAISY (OLD AND NEW),gin-daisy-old-and-new,gin-daisy-old-and-new,copied_verified_webp,assets/recipes/essential-2017__gin-daisy-old-and-new__photo-p110.webp,
images/essential_cocktail_book_2017/essential-2017__gin-fizz__photo-p113.webp,Essential Cocktail Book,GIN FIZZ,gin-fizz,gin-fizz,copied_verified_webp,assets/recipes/essential-2017__gin-fizz__photo-p113.webp,
images/essential_cocktail_book_2017/essential-2017__gin-rickey__photo-p114.webp,Essential Cocktail Book,GIN RICKEY,gin-rickey,gin-rickey,copied_verified_webp,assets/recipes/essential-2017__gin-rickey__photo-p114.webp,
images/essential_cocktail_book_2017/essential-2017__gin-sour__photo-p117.webp,Essential Cocktail Book,GIN SOUR,gin-sour,gin-sour,copied_verified_webp,assets/recipes/essential-2017__gin-sour__photo-p117.webp,
images/essential_cocktail_book_2017/essential-2017__hemingway-daiquiri__photo-p118.webp,Essential Cocktail Book,HEMINGWAY DAIQUIRI,hemingway-daiquiri,hemingway-daiquiri,copied_verified_webp,assets/recipes/essential-2017__hemingway-daiquiri__photo-p118.webp,
images/essential_cocktail_book_2017/essential-2017__improved-whiskey-cocktail__photo-p120.webp,Essential Cocktail Book,IMPROVED WHISKEY COCKTAIL,improved-whiskey-cocktail,improved-whiskey-cocktail,copied_verified_webp,assets/recipes/essential-2017__improved-whiskey-cocktail__photo-p120.webp,
images/essential_cocktail_book_2017/essential-2017__jungle-bird__photo-p123.webp,Essential Cocktail Book,JUNGLE BIRD,jungle-bird,jungle-bird,copied_verified_webp,assets/recipes/essential-2017__jungle-bird__photo-p123.webp,
images/essential_cocktail_book_2017/essential-2017__last-word__photo-p124.webp,Essential Cocktail Book,LAST WORD,last-word,last-word,copied_verified_webp,assets/recipes/essential-2017__last-word__photo-p124.webp,
images/essential_cocktail_book_2017/essential-2017__mai-tai__photo-p126.webp,Essential Cocktail Book,MAI TAI,mai-tai,mai-tai,copied_verified_webp,assets/recipes/essential-2017__mai-tai__photo-p126.webp,
images/essential_cocktail_book_2017/essential-2017__manhattan__photo-p129.webp,Essential Cocktail Book,MANHATTAN,manhattan,manhattan,copied_verified_webp,assets/recipes/essential-2017__manhattan__photo-p129.webp,
images/essential_cocktail_book_2017/essential-2017__margarita__photo-p130.webp,Essential Cocktail Book,MARGARITA,margarita,margarita,copied_verified_webp,assets/recipes/essential-2017__margarita__photo-p130.webp,
images/essential_cocktail_book_2017/essential-2017__martinez__photo-p133.webp,Essential Cocktail Book,MARTINEZ,martinez,martinez,copied_verified_webp,assets/recipes/essential-2017__martinez__photo-p133.webp,
images/essential_cocktail_book_2017/essential-2017__martini__photo-p134.webp,Essential Cocktail Book,MARTINI,martini,martini,copied_verified_webp,assets/recipes/essential-2017__martini__photo-p134.webp,
images/essential_cocktail_book_2017/essential-2017__mexican-firing-squad__photo-p137.webp,Essential Cocktail Book,MEXICAN FIRING SQUAD,mexican-firing-squad,mexican-firing-squad,copied_verified_webp,assets/recipes/essential-2017__mexican-firing-squad__photo-p137.webp,
images/essential_cocktail_book_2017/essential-2017__michelada__photo-p139.webp,Essential Cocktail Book,MICHELADA,michelada,,rejected_stale_manifest_target,,"Target is an obsolete manifest key, absent from canonical recipes.json."
images/essential_cocktail_book_2017/essential-2017__millionaire-cocktail__photo-p140.webp,Essential Cocktail Book,MILLIONAIRE COCKTAIL,millionaire-cocktail,millionaire-cocktail,copied_verified_webp,assets/recipes/essential-2017__millionaire-cocktail__photo-p140.webp,
images/essential_cocktail_book_2017/essential-2017__mint-julep__photo-p143.webp,Essential Cocktail Book,MINT JULEP,mint-julep,mint-julep,copied_verified_webp,assets/recipes/essential-2017__mint-julep__photo-p143.webp,
images/essential_cocktail_book_2017/essential-2017__mojito__photo-p144.webp,Essential Cocktail Book,MOJITO,mojito,mojito,copied_verified_webp,assets/recipes/essential-2017__mojito__photo-p144.webp,
images/essential_cocktail_book_2017/essential-2017__moscow-mule__photo-p147.webp,Essential Cocktail Book,MOSCOW MULE,moscow-mule,moscow-mule,copied_verified_webp,assets/recipes/essential-2017__moscow-mule__photo-p147.webp,
images/essential_cocktail_book_2017/essential-2017__negroni__photo-p148.webp,Essential Cocktail Book,NEGRONI,negroni,negroni,copied_verified_webp,assets/recipes/essential-2017__negroni__photo-p148.webp,
images/essential_cocktail_book_2017/essential-2017__negroni-sbagliato__photo-p151.webp,Essential Cocktail Book,NEGRONI SBAGLIATO,negroni-sbagliato,negroni-sbagliato,copied_verified_webp,assets/recipes/essential-2017__negroni-sbagliato__photo-p151.webp,
images/essential_cocktail_book_2017/essential-2017__new-york-sour__photo-p153.webp,Essential Cocktail Book,NEW YORK SOUR,new-york-sour,,rejected_stale_manifest_target,,"Target is an obsolete manifest key, absent from canonical recipes.json."
images/essential_cocktail_book_2017/essential-2017__old-pal__photo-p154.webp,Essential Cocktail Book,OLD PAL,old-pal,old-pal,copied_verified_webp,assets/recipes/essential-2017__old-pal__photo-p154.webp,
images/essential_cocktail_book_2017/essential-2017__old-fashioned__photo-p157.webp,Essential Cocktail Book,OLD-FASHIONED,old-fashioned,old-fashioned,copied_verified_webp,assets/recipes/essential-2017__old-fashioned__photo-p157.webp,
images/essential_cocktail_book_2017/essential-2017__painkiller__photo-p159.webp,Essential Cocktail Book,PAINKILLER,painkiller,painkiller,copied_verified_webp,assets/recipes/essential-2017__painkiller__photo-p159.webp,
images/essential_cocktail_book_2017/essential-2017__paloma__photo-p160.webp,Essential Cocktail Book,PALOMA,paloma,paloma,copied_verified_webp,assets/recipes/essential-2017__paloma__photo-p160.webp,
images/essential_cocktail_book_2017/essential-2017__pegu-club__photo-p163.webp,Essential Cocktail Book,PEGU CLUB,pegu-club,pegu-club,copied_verified_webp,assets/recipes/essential-2017__pegu-club__photo-p163.webp,
images/essential_cocktail_book_2017/essential-2017__philadelphia-fish-house-punch__photo-p164.webp,Essential Cocktail Book,PHILADELPHIA FISH HOUSE PUNCH,philadelphia-fish-house-punch,philadelphia-fish-house-punch,copied_verified_webp,assets/recipes/essential-2017__philadelphia-fish-house-punch__photo-p164.webp,
images/essential_cocktail_book_2017/essential-2017__pimm-s-cup__photo-p167.webp,Essential Cocktail Book,PIMM’S CUP,pimms-cup,,rejected_stale_manifest_target,,"Target is an obsolete manifest key, absent from canonical recipes.json."
images/essential_cocktail_book_2017/essential-2017__pina-colada__photo-p169.webp,Essential Cocktail Book,PINA COLADA,pina-colada,pina-colada,copied_verified_webp,assets/recipes/essential-2017__pina-colada__photo-p169.webp,
images/essential_cocktail_book_2017/essential-2017__pisco-sour__photo-p170.webp,Essential Cocktail Book,PISCO SOUR,pisco-sour,pisco-sour,copied_verified_webp,assets/recipes/essential-2017__pisco-sour__photo-p170.webp,
images/essential_cocktail_book_2017/essential-2017__planter-s-punch__photo-p173.webp,Essential Cocktail Book,PLANTER’S PUNCH,planters-punch,,rejected_stale_manifest_target,,"Target is an obsolete manifest key, absent from canonical recipes.json."
images/essential_cocktail_book_2017/essential-2017__queen-s-park-swizzle__photo-p175.webp,Essential Cocktail Book,QUEEN’S PARK SWIZZLE,queens-park-swizzle,queens-park-swizzle,copied_verified_webp,assets/recipes/essential-2017__queen-s-park-swizzle__photo-p175.webp,
images/essential_cocktail_book_2017/essential-2017__ramos-gin-fizz__photo-p176.webp,Essential Cocktail Book,RAMOS GIN FIZZ,ramos-gin-fizz,ramos-gin-fizz,copied_verified_webp,assets/recipes/essential-2017__ramos-gin-fizz__photo-p176.webp,
images/essential_cocktail_book_2017/essential-2017__remember-the-maine__photo-p179.webp,Essential Cocktail Book,REMEMBER THE MAINE,remember-the-maine,remember-the-maine,copied_verified_webp,assets/recipes/essential-2017__remember-the-maine__photo-p179.webp,
images/essential_cocktail_book_2017/essential-2017__rob-roy__photo-p180.webp,Essential Cocktail Book,ROB ROY,rob-roy,rob-roy,copied_verified_webp,assets/recipes/essential-2017__rob-roy__photo-p180.webp,
images/essential_cocktail_book_2017/essential-2017__sazerac__photo-p183.webp,Essential Cocktail Book,SAZERAC,sazerac,,rejected_stale_manifest_target,,"Target is an obsolete manifest key, absent from canonical recipes.json."
images/essential_cocktail_book_2017/essential-2017__scorpion-bowl__photo-p185.webp,Essential Cocktail Book,SCORPION BOWL,scorpion-bowl,scorpion-bowl,copied_verified_webp,assets/recipes/essential-2017__scorpion-bowl__photo-p185.webp,
images/essential_cocktail_book_2017/essential-2017__sherry-cobbler__photo-p186.webp,Essential Cocktail Book,SHERRY COBBLER,sherry-cobbler,sherry-cobbler,copied_verified_webp,assets/recipes/essential-2017__sherry-cobbler__photo-p186.webp,
images/essential_cocktail_book_2017/essential-2017__sherry-flip__photo-p188.webp,Essential Cocktail Book,SHERRY FLIP,sherry-flip,,rejected_stale_manifest_target,,"Target is an obsolete manifest key, absent from canonical recipes.json."
images/essential_cocktail_book_2017/essential-2017__sidecar__photo-p190.webp,Essential Cocktail Book,SIDECAR,sidecar,sidecar,copied_verified_webp,assets/recipes/essential-2017__sidecar__photo-p190.webp,
images/essential_cocktail_book_2017/essential-2017__singapore-sling__photo-p193.webp,Essential Cocktail Book,SINGAPORE SLING,singapore-sling,singapore-sling,copied_verified_webp,assets/recipes/essential-2017__singapore-sling__photo-p193.webp,
images/essential_cocktail_book_2017/essential-2017__sloe-gin-fizz__photo-p194.webp,Essential Cocktail Book,SLOE GIN FIZZ,sloe-gin-fizz,sloe-gin-fizz,copied_verified_webp,assets/recipes/essential-2017__sloe-gin-fizz__photo-p194.webp,
images/essential_cocktail_book_2017/essential-2017__southside__photo-p197.webp,Essential Cocktail Book,SOUTHSIDE,southside,southside,copied_verified_webp,assets/recipes/essential-2017__southside__photo-p197.webp,
images/essential_cocktail_book_2017/essential-2017__stone-fence__photo-p198.webp,Essential Cocktail Book,STONE FENCE,stone-fence,stone-fence,copied_verified_webp,assets/recipes/essential-2017__stone-fence__photo-p198.webp,
images/essential_cocktail_book_2017/essential-2017__ti-punch__photo-p201.webp,Essential Cocktail Book,TI’ PUNCH,ti-punch,,rejected_stale_manifest_target,,"Target is an obsolete manifest key, absent from canonical recipes.json."
images/essential_cocktail_book_2017/essential-2017__tom-collins__photo-p202.webp,Essential Cocktail Book,TOM COLLINS,tom-collins,tom-collins,copied_verified_webp,assets/recipes/essential-2017__tom-collins__photo-p202.webp,
images/essential_cocktail_book_2017/essential-2017__tuxedo__photo-p205.webp,Essential Cocktail Book,TUXEDO,tuxedo,tuxedo,copied_verified_webp,assets/recipes/essential-2017__tuxedo__photo-p205.webp,
images/essential_cocktail_book_2017/essential-2017__vesper__photo-p206.webp,Essential Cocktail Book,VESPER,vesper,vesper,copied_verified_webp,assets/recipes/essential-2017__vesper__photo-p206.webp,
images/essential_cocktail_book_2017/essential-2017__vieux-carre__photo-p209.webp,Essential Cocktail Book,VIEUX CARRE,vieux-carre,vieux-carre,copied_verified_webp,assets/recipes/essential-2017__vieux-carre__photo-p209.webp,
images/essential_cocktail_book_2017/essential-2017__whiskey-smash__photo-p210.webp,Essential Cocktail Book,WHISKEY SMASH,whiskey-smash,whiskey-smash,copied_verified_webp,assets/recipes/essential-2017__whiskey-smash__photo-p210.webp,
images/essential_cocktail_book_2017/essential-2017__whiskey-sour__photo-p213.webp,Essential Cocktail Book,WHISKEY SOUR,whiskey-sour,whiskey-sour,copied_verified_webp,assets/recipes/essential-2017__whiskey-sour__photo-p213.webp,
images/essential_cocktail_book_2017/essential-2017__zombie__photo-p215.webp,Essential Cocktail Book,ZOMBIE,zombie,zombie,copied_verified_webp,assets/recipes/essential-2017__zombie__photo-p215.webp,
images/essential_cocktail_book_2017/essential-2017__american-trilogy__photo-p218.webp,Essential Cocktail Book,AMERICAN TRILOGY,american-trilogy,american-trilogy,copied_verified_webp,assets/recipes/essential-2017__american-trilogy__photo-p218.webp,
images/essential_cocktail_book_2017/essential-2017__americano-perfecto__photo-p220.webp,Essential Cocktail Book,AMERICANO PERFECTO,americano-perfecto,,rejected_stale_manifest_target,,"Target is an obsolete manifest key, absent from canonical recipes.json."
images/essential_cocktail_book_2017/essential-2017__angostura-colada__photo-p223.webp,Essential Cocktail Book,ANGOSTURA COLADA,angostura-colada,angostura-colada,copied_verified_webp,assets/recipes/essential-2017__angostura-colada__photo-p223.webp,
images/essential_cocktail_book_2017/essential-2017__archangel__photo-p224.webp,Essential Cocktail Book,ARCHANGEL,archangel,,rejected_stale_manifest_target,,"Target is an obsolete manifest key, absent from canonical recipes.json."
images/essential_cocktail_book_2017/essential-2017__barber-of-seville__photo-p227.webp,Essential Cocktail Book,BARBER OF SEVILLE,barber-of-seville,barber-of-seville,copied_verified_webp,assets/recipes/essential-2017__barber-of-seville__photo-p227.webp,
images/essential_cocktail_book_2017/essential-2017__benton-s-old-fashioned__photo-p229.webp,Essential Cocktail Book,BENTON’S OLD-FASHIONED,benton-s-old-fashioned,benton-s-old-fashioned,copied_verified_webp,assets/recipes/essential-2017__benton-s-old-fashioned__photo-p229.webp,
images/essential_cocktail_book_2017/essential-2017__bitter-intentions__photo-p230.webp,Essential Cocktail Book,BITTER INTENTIONS,bitter-intentions,bitter-intentions,copied_verified_webp,assets/recipes/essential-2017__bitter-intentions__photo-p230.webp,
images/essential_cocktail_book_2017/essential-2017__bitter-mai-tai__photo-p233.webp,Essential Cocktail Book,BITTER MAI TAI,bitter-mai-tai,bitter-mai-tai,copied_verified_webp,assets/recipes/essential-2017__bitter-mai-tai__photo-p233.webp,
images/essential_cocktail_book_2017/essential-2017__bitter-tom__photo-p234.webp,Essential Cocktail Book,BITTER TOM,bitter-tom,bitter-tom,reused_source_page,assets/recipes/bitter-tom-02.webp,
images/essential_cocktail_book_2017/essential-2017__boo-radley__photo-p236.webp,Essential Cocktail Book,BOO RADLEY,boo-radley,,rejected_stale_manifest_target,,"Target is an obsolete manifest key, absent from canonical recipes.json."
images/essential_cocktail_book_2017/essential-2017__bramble__photo-p239.webp,Essential Cocktail Book,BRAMBLE,bramble,bramble,copied_verified_webp,assets/recipes/essential-2017__bramble__photo-p239.webp,
images/essential_cocktail_book_2017/essential-2017__brancolada__photo-p241.webp,Essential Cocktail Book,BRANCOLADA,brancolada,,rejected_stale_manifest_target,,"Target is an obsolete manifest key, absent from canonical recipes.json."
images/essential_cocktail_book_2017/essential-2017__campari-radler__photo-p242.webp,Essential Cocktail Book,CAMPARI RADLER,campari-radler,campari-radler,copied_verified_webp,assets/recipes/essential-2017__campari-radler__photo-p242.webp,
images/essential_cocktail_book_2017/essential-2017__chartreuse-swizzle__photo-p245.webp,Essential Cocktail Book,CHARTREUSE SWIZZLE,chartreuse-swizzle,chartreuse-swizzle,copied_verified_webp,assets/recipes/essential-2017__chartreuse-swizzle__photo-p245.webp,
images/essential_cocktail_book_2017/essential-2017__cosmopolitan__photo-p246.webp,Essential Cocktail Book,COSMOPOLITAN,cosmopolitan,cosmopolitan,copied_verified_webp,assets/recipes/essential-2017__cosmopolitan__photo-p246.webp,
images/essential_cocktail_book_2017/essential-2017__dorothy-s-delight__photo-p249.webp,Essential Cocktail Book,DOROTHY’S DELIGHT,dorothy-s-delight,dorothy-s-delight,copied_verified_webp,assets/recipes/essential-2017__dorothy-s-delight__photo-p249.webp,
images/essential_cocktail_book_2017/essential-2017__filibuster__photo-p250.webp,Essential Cocktail Book,FILIBUSTER,filibuster,filibuster,copied_verified_webp,assets/recipes/essential-2017__filibuster__photo-p250.webp,
images/essential_cocktail_book_2017/essential-2017__fitty-fitty-martini__photo-p253.webp,Essential Cocktail Book,FITTY-FITTY MARTINI,fitty-fitty-martini,fitty-fitty-martini,copied_verified_webp,assets/recipes/essential-2017__fitty-fitty-martini__photo-p253.webp,
images/essential_cocktail_book_2017/essential-2017__flannel-shirt__photo-p254.webp,Essential Cocktail Book,FLANNEL SHIRT,flannel-shirt,flannel-shirt,copied_verified_webp,assets/recipes/essential-2017__flannel-shirt__photo-p254.webp,
images/essential_cocktail_book_2017/essential-2017__flatiron-martini__photo-p257.webp,Essential Cocktail Book,FLATIRON MARTINI,flatiron-martini,,rejected_stale_manifest_target,,"Target is an obsolete manifest key, absent from canonical recipes.json."
images/essential_cocktail_book_2017/essential-2017__frozen-negroni__photo-p258.webp,Essential Cocktail Book,FROZEN NEGRONI,frozen-negroni,frozen-negroni,copied_verified_webp,assets/recipes/essential-2017__frozen-negroni__photo-p258.webp,
images/essential_cocktail_book_2017/essential-2017__gin-and-juice__photo-p261.webp,Essential Cocktail Book,GIN AND JUICE,gin-and-juice,gin-and-juice,copied_verified_webp,assets/recipes/essential-2017__gin-and-juice__photo-p261.webp,
images/essential_cocktail_book_2017/essential-2017__gin-blossom__photo-p262.webp,Essential Cocktail Book,GIN BLOSSOM,gin-blossom,,rejected_stale_manifest_target,,"Target is an obsolete manifest key, absent from canonical recipes.json."
images/essential_cocktail_book_2017/essential-2017__glasgow-mule__photo-p265.webp,Essential Cocktail Book,GLASGOW MULE,glasgow-mule,glasgow-mule,copied_verified_webp,assets/recipes/essential-2017__glasgow-mule__photo-p265.webp,
images/essential_cocktail_book_2017/essential-2017__go-to__photo-p267.webp,Essential Cocktail Book,GO-TO,go-to,go-to,copied_verified_webp,assets/recipes/essential-2017__go-to__photo-p267.webp,
images/essential_cocktail_book_2017/essential-2017__heart-shaped-box__photo-p268.webp,Essential Cocktail Book,HEART-SHAPED BOX,heart-shaped-box,heart-shaped-box,copied_verified_webp,assets/recipes/essential-2017__heart-shaped-box__photo-p268.webp,
images/essential_cocktail_book_2017/essential-2017__hibiscus-punch-royale__photo-p271.webp,Essential Cocktail Book,HIBISCUS PUNCH ROYALE,hibiscus-punch-royale,hibiscus-punch-royale,copied_verified_webp,assets/recipes/essential-2017__hibiscus-punch-royale__photo-p271.webp,
images/essential_cocktail_book_2017/essential-2017__hop-over__photo-p272.webp,Essential Cocktail Book,HOP OVER,hop-over,hop-over,copied_verified_webp,assets/recipes/essential-2017__hop-over__photo-p272.webp,
images/essential_cocktail_book_2017/essential-2017__italian-buck__photo-p275.webp,Essential Cocktail Book,ITALIAN BUCK,italian-buck,italian-buck,copied_verified_webp,assets/recipes/essential-2017__italian-buck__photo-p275.webp,
images/essential_cocktail_book_2017/essential-2017__joggling-board__photo-p276.webp,Essential Cocktail Book,JOGGLING BOARD,joggling-board,,rejected_stale_manifest_target,,"Target is an obsolete manifest key, absent from canonical recipes.json."
images/essential_cocktail_book_2017/essential-2017__kentucky-buck__photo-p279.webp,Essential Cocktail Book,KENTUCKY BUCK,kentucky-buck,kentucky-buck,copied_verified_webp,assets/recipes/essential-2017__kentucky-buck__photo-p279.webp,
images/essential_cocktail_book_2017/essential-2017__la-bomba-daiquiri__photo-p280.webp,Essential Cocktail Book,LA BOMBA DAIQUIRI,la-bomba-daiquiri,la-bomba-daiquiri,copied_verified_webp,assets/recipes/essential-2017__la-bomba-daiquiri__photo-p280.webp,
images/essential_cocktail_book_2017/essential-2017__latin-trifecta__photo-p283.webp,Essential Cocktail Book,LATIN TRIFECTA,latin-trifecta,latin-trifecta,copied_verified_webp,assets/recipes/essential-2017__latin-trifecta__photo-p283.webp,
images/essential_cocktail_book_2017/essential-2017__lefty-s-fizz__photo-p285.webp,Essential Cocktail Book,LEFTY’S FIZZ,lefty-s-fizz,lefty-s-fizz,copied_verified_webp,assets/recipes/essential-2017__lefty-s-fizz__photo-p285.webp,
images/essential_cocktail_book_2017/essential-2017__long-island-bar-gimlet__photo-p286.webp,Essential Cocktail Book,LONG ISLAND BAR GIMLET,long-island-bar-gimlet,long-island-bar-gimlet,copied_verified_webp,assets/recipes/essential-2017__long-island-bar-gimlet__photo-p286.webp,
images/essential_cocktail_book_2017/essential-2017__mexican-tricycle__photo-p289.webp,Essential Cocktail Book,MEXICAN TRICYCLE,mexican-tricycle,,rejected_stale_manifest_target,,"Target is an obsolete manifest key, absent from canonical recipes.json."
images/essential_cocktail_book_2017/essential-2017__mott-and-mulberry__photo-p290.webp,Essential Cocktail Book,MOTT AND MULBERRY,mott-and-mulberry,,rejected_stale_manifest_target,,"Target is an obsolete manifest key, absent from canonical recipes.json."
images/essential_cocktail_book_2017/essential-2017__mountain-man__photo-p293.webp,Essential Cocktail Book,MOUNTAIN MAN,mountain-man,mountain-man,copied_verified_webp,assets/recipes/essential-2017__mountain-man__photo-p293.webp,
images/essential_cocktail_book_2017/essential-2017__natoma-st__photo-p294.webp,Essential Cocktail Book,NATOMA ST.,natoma-st,natoma-st,copied_verified_webp,assets/recipes/essential-2017__natoma-st__photo-p294.webp,
images/essential_cocktail_book_2017/essential-2017__oaxaca-old-fashioned__photo-p297.webp,Essential Cocktail Book,OAXACA OLD-FASHIONED,oaxaca-old-fashioned,oaxaca-old-fashioned,copied_verified_webp,assets/recipes/essential-2017__oaxaca-old-fashioned__photo-p297.webp,
images/essential_cocktail_book_2017/essential-2017__old-hickory__photo-p298.webp,Essential Cocktail Book,OLD HICKORY,old-hickory,old-hickory,copied_verified_webp,assets/recipes/essential-2017__old-hickory__photo-p298.webp,
images/essential_cocktail_book_2017/essential-2017__oxford-comma__photo-p301.webp,Essential Cocktail Book,OXFORD COMMA,oxford-comma,oxford-comma,copied_verified_webp,assets/recipes/essential-2017__oxford-comma__photo-p301.webp,
images/essential_cocktail_book_2017/essential-2017__padang-swizzle__photo-p302.webp,Essential Cocktail Book,PADANG SWIZZLE,padang-swizzle,padang-swizzle,reused_source_page,assets/recipes/padang-swizzle-02.webp,
images/essential_cocktail_book_2017/essential-2017__paper-plane__photo-p305.webp,Essential Cocktail Book,PAPER PLANE,paper-plane,paper-plane,copied_verified_webp,assets/recipes/essential-2017__paper-plane__photo-p305.webp,
images/essential_cocktail_book_2017/essential-2017__parish-hall-punch__photo-p306.webp,Essential Cocktail Book,PARISH HALL PUNCH,parish-hall-punch,parish-hall-punch,copied_verified_webp,assets/recipes/essential-2017__parish-hall-punch__photo-p306.webp,
images/essential_cocktail_book_2017/essential-2017__penicillin__photo-p309.webp,Essential Cocktail Book,PENICILLIN,penicillin,penicillin,copied_verified_webp,assets/recipes/essential-2017__penicillin__photo-p309.webp,
images/essential_cocktail_book_2017/essential-2017__pina-verde__photo-p310.webp,Essential Cocktail Book,PINA VERDE,pina-verde,pina-verde,copied_verified_webp,assets/recipes/essential-2017__pina-verde__photo-p310.webp,
images/essential_cocktail_book_2017/essential-2017__pompelmo-sour__photo-p312.webp,Essential Cocktail Book,POMPELMO SOUR,pompelmo-sour,pompelmo-sour,copied_verified_webp,assets/recipes/essential-2017__pompelmo-sour__photo-p312.webp,
images/essential_cocktail_book_2017/essential-2017__poppa-s-pride__photo-p315.webp,Essential Cocktail Book,POPPA’S PRIDE,poppas-pride,poppas-pride,copied_verified_webp,assets/recipes/essential-2017__poppa-s-pride__photo-p315.webp,
images/essential_cocktail_book_2017/essential-2017__red-hook__photo-p316.webp,Essential Cocktail Book,RED HOOK,red-hook,red-hook,copied_verified_webp,assets/recipes/essential-2017__red-hook__photo-p316.webp,
images/essential_cocktail_book_2017/essential-2017__revolver__photo-p319.webp,Essential Cocktail Book,REVOLVER,revolver,revolver,copied_verified_webp,assets/recipes/essential-2017__revolver__photo-p319.webp,
images/essential_cocktail_book_2017/essential-2017__rhythm-and-soul__photo-p320.webp,Essential Cocktail Book,RHYTHM AND SOUL,rhythm-and-soul,rhythm-and-soul,reused_source_page,assets/recipes/rhythm-and-soul-02.webp,
images/essential_cocktail_book_2017/essential-2017__rome-with-a-view__photo-p322.webp,Essential Cocktail Book,ROME WITH A VIEW,rome-with-a-view,,rejected_stale_manifest_target,,"Target is an obsolete manifest key, absent from canonical recipes.json."
images/essential_cocktail_book_2017/essential-2017__royal-pimm-s-cup__photo-p325.webp,Essential Cocktail Book,ROYAL PIMM’S CUP,royal-pimms-cup,royal-pimms-cup,copied_verified_webp,assets/recipes/essential-2017__royal-pimm-s-cup__photo-p325.webp,
images/essential_cocktail_book_2017/essential-2017__sakura-martini__photo-p326.webp,Essential Cocktail Book,SAKURA MARTINI,sakura-martini,sakura-martini,copied_verified_webp,assets/recipes/essential-2017__sakura-martini__photo-p326.webp,
images/essential_cocktail_book_2017/essential-2017__second-serve__photo-p329.webp,Essential Cocktail Book,SECOND SERVE,second-serve,second-serve,copied_verified_webp,assets/recipes/essential-2017__second-serve__photo-p329.webp,
images/essential_cocktail_book_2017/essential-2017__show-me-state__photo-p330.webp,Essential Cocktail Book,SHOW ME STATE,show-me-state,,rejected_stale_manifest_target,,"Target is an obsolete manifest key, absent from canonical recipes.json."
images/essential_cocktail_book_2017/essential-2017__suppressor-1__photo-p332.webp,Essential Cocktail Book,SUPPRESSOR #1,suppressor-1,suppressor-1,copied_verified_webp,assets/recipes/essential-2017__suppressor-1__photo-p332.webp,
images/essential_cocktail_book_2017/essential-2017__tokyo-drift__photo-p335.webp,Essential Cocktail Book,TOKYO DRIFT,tokyo-drift,tokyo-drift,copied_verified_webp,assets/recipes/essential-2017__tokyo-drift__photo-p335.webp,
images/essential_cocktail_book_2017/essential-2017__trident__photo-p336.webp,Essential Cocktail Book,TRIDENT,trident,trident,copied_verified_webp,assets/recipes/essential-2017__trident__photo-p336.webp,
images/essential_cocktail_book_2017/essential-2017__weathered-axe__photo-p339.webp,Essential Cocktail Book,WEATHERED AXE,weathered-axe,weathered-axe,copied_verified_webp,assets/recipes/essential-2017__weathered-axe__photo-p339.webp,
images/essential_cocktail_book_2017/essential-2017__white-negroni__photo-p340.webp,Essential Cocktail Book,WHITE NEGRONI,white-negroni,white-negroni,copied_verified_webp,assets/recipes/essential-2017__white-negroni__photo-p340.webp,
images/essential_cocktail_book_2017/essential-2017__white-negroni-sbagliato__photo-p343.webp,Essential Cocktail Book,WHITE NEGRONI SBAGLIATO,white-negroni-sbagliato,white-negroni-sbagliato,copied_verified_webp,assets/recipes/essential-2017__white-negroni-sbagliato__photo-p343.webp,
images/essential_cocktail_book_2017/essential-2017__white-russian__photo-p344.webp,Essential Cocktail Book,WHITE RUSSIAN,white-russian,white-russian,copied_verified_webp,assets/recipes/essential-2017__white-russian__photo-p344.webp,
images/essential_cocktails_2021/essential-2021__daiquiri-mulata__p013.webp,Essential Cocktails 2021,Daiquiri Mulata,daiquiri-mulata,daiquiri-mulata,reused_source_page,assets/recipes/daiquiri-mulata-04.webp,
images/essential_cocktails_2021/essential-2021__daiquiri-strawberry__p015.webp,Essential Cocktails 2021,Daiquiri Strawberry,daiquiri-strawberry,daiquiri-strawberry,reused_source_page,assets/recipes/daiquiri-strawberry-04.webp,
images/essential_cocktails_2021/essential-2021__daiquiri-classic__p017.webp,Essential Cocktails 2021,Daiquiri Classic,daiquiri,daiquiri,reused_source_page,assets/recipes/daiquiri-04.webp,
images/essential_cocktails_2021/essential-2021__cosmopolitan__p019.webp,Essential Cocktails 2021,Cosmopolitan,cosmopolitan,cosmopolitan,reused_source_page,assets/recipes/cosmopolitan-04.webp,
images/essential_cocktails_2021/essential-2021__mojito-classic__p020.webp,Essential Cocktails 2021,Mojito Classic,mojito,mojito,reused_source_page,assets/recipes/mojito-04.webp,
images/essential_cocktails_2021/essential-2021__mojito-a-mi-manera__p022.webp,Essential Cocktails 2021,Mojito A Mi Manera,mojito-a-mi-manera,mojito-a-mi-manera,reused_source_page,assets/recipes/mojito-a-mi-manera-04.webp,
images/essential_cocktails_2021/essential-2021__mojito-basic__p024.webp,Essential Cocktails 2021,Mojito Basic,mojito-basic,mojito-basic,reused_source_page,assets/recipes/mojito-basic-04.webp,
images/essential_cocktails_2021/essential-2021__mojito-tequila__p026.webp,Essential Cocktails 2021,Mojito Tequila,mojito-tequila,mojito-tequila,reused_source_page,assets/recipes/mojito-tequila-04.webp,
images/essential_cocktails_2021/essential-2021__christmas-mojito__p027.webp,Essential Cocktails 2021,Christmas Mojito,christmas-mojito,christmas-mojito,copied_verified_webp,assets/recipes/essential-2021__christmas-mojito__p027.webp,
images/essential_cocktails_2021/essential-2021__pomegranate-mojito__p028.webp,Essential Cocktails 2021,Pomegranate Mojito,pomegranate-mojito,pomegranate-mojito,reused_source_page,assets/recipes/pomegranate-mojito-04.webp,
images/essential_cocktails_2021/essential-2021__el-diablo__p030.webp,Essential Cocktails 2021,El Diablo,el-diablo,el-diablo,reused_source_page,assets/recipes/el-diablo-04.webp,
images/essential_cocktails_2021/essential-2021__zombie__p031.webp,Essential Cocktails 2021,Zombie,zombie,zombie,reused_source_page,assets/recipes/zombie-04.webp,
images/essential_cocktails_2021/essential-2021__tom-collins-classic__p033.webp,Essential Cocktails 2021,Tom Collins Classic,tom-collins,tom-collins,reused_source_page,assets/recipes/tom-collins-04.webp,
images/essential_cocktails_2021/essential-2021__pina-colada__p035.webp,Essential Cocktails 2021,Piña Colada,pina-colada,pina-colada,reused_source_page,assets/recipes/pina-colada-04.webp,
images/essential_cocktails_2021/essential-2021__mai-tai__p037.webp,Essential Cocktails 2021,Mai Tai,mai-tai,mai-tai,reused_source_page,assets/recipes/mai-tai-04.webp,
images/essential_cocktails_2021/essential-2021__bloody-maria__p039.webp,Essential Cocktails 2021,Bloody Maria,bloody-maria,bloody-maria,reused_source_page,assets/recipes/bloody-maria-04.webp,
images/essential_cocktails_2021/essential-2021__manhattan-classic__p040.webp,Essential Cocktails 2021,Manhattan Classic,manhattan,manhattan,reused_source_page,assets/recipes/manhattan-04.webp,
images/essential_cocktails_2021/essential-2021__margarita-classic__p046.webp,Essential Cocktails 2021,Margarita Classic,margarita,margarita,reused_source_page,assets/recipes/margarita-04.webp,
images/essential_cocktails_2021/essential-2021__old-fashioned__p054.webp,Essential Cocktails 2021,Old Fashioned,old-fashioned,old-fashioned,reused_source_page,assets/recipes/old-fashioned-04.webp,
images/essential_cocktails_2021/essential-2021__tequila-sunrise__p057.webp,Essential Cocktails 2021,Tequila Sunrise,tequila-sunrise,,rejected_stale_manifest_target,,"Target is an obsolete manifest key, absent from canonical recipes.json."
images/essential_cocktails_2021/essential-2021__eggnog__p061.webp,Essential Cocktails 2021,Eggnog,eggnog,eggnog,reused_source_page,assets/recipes/eggnog-04.webp,
images/essential_cocktails_2021/essential-2021__apricot-mulled-wine__p063.webp,Essential Cocktails 2021,Apricot Mulled Wine,apricot-mulled-wine,apricot-mulled-wine,reused_source_page,assets/recipes/apricot-mulled-wine-04.webp,
images/essential_cocktails_2021/essential-2021__autumn-punch__p065.webp,Essential Cocktails 2021,Autumn Punch,autumn-punch,autumn-punch,reused_source_page,assets/recipes/autumn-punch-04.webp,
images/essential_cocktails_2021/essential-2021__banana-rum-punch__p067.webp,Essential Cocktails 2021,Banana Rum Punch,banana-rum-punch,banana-rum-punch,reused_source_page,assets/recipes/banana-rum-punch-04.webp,
images/essential_cocktails_2021/essential-2021__christmas-eve-chocolate__p069.webp,Essential Cocktails 2021,Christmas Eve Chocolate,christmas-eve-chocolate,christmas-eve-chocolate,reused_source_page,assets/recipes/christmas-eve-chocolate-04.webp,
images/essential_cocktails_2021/essential-2021__coffee-cocktail__p070.webp,Essential Cocktails 2021,Coffee Cocktail,coffee-cocktail,coffee-cocktail,reused_source_page,assets/recipes/coffee-cocktail-04.webp,
images/essential_cocktails_2021/essential-2021__hot-buttered-faux-rum__p071.webp,Essential Cocktails 2021,Hot Buttered Faux Rum,hot-buttered-faux-rum,hot-buttered-faux-rum,reused_source_page,assets/recipes/hot-buttered-faux-rum-04.webp,
images/essential_cocktails_2021/essential-2021__maraschino-muddle__p073.webp,Essential Cocktails 2021,Maraschino Muddle,maraschino-muddle,maraschino-muddle,reused_source_page,assets/recipes/maraschino-muddle-04.webp,
images/essential_cocktails_2021/essential-2021__mint-julep__p075.webp,Essential Cocktails 2021,Mint Julep,mint-julep,mint-julep,copied_verified_webp,assets/recipes/essential-2021__mint-julep__p075.webp,
images/hollywood_cocktails/hollywood__sunday-morning-coming-down__p013.webp,Hollywood Cocktails,Sunday Morning Coming Down,sunday-morning-coming-down,sunday-morning-coming-down,copied_verified_webp,assets/recipes/hollywood__sunday-morning-coming-down__p013.webp,
images/hollywood_cocktails/hollywood__sex-on-the-beach__p014.webp,Hollywood Cocktails,Sex on the Beach,sex-on-the-beach,sex-on-the-beach,copied_verified_webp,assets/recipes/hollywood__sex-on-the-beach__p014.webp,
images/hollywood_cocktails/hollywood__everybody-s-girl__p017.webp,Hollywood Cocktails,Everybody's Girl,everybody-s-girl,,rejected_stale_manifest_target,,"Target is an obsolete manifest key, absent from canonical recipes.json."
images/hollywood_cocktails/hollywood__mimosa__p022.webp,Hollywood Cocktails,Mimosa,mimosa,,rejected_stale_manifest_target,,"Target is an obsolete manifest key, absent from canonical recipes.json."
images/hollywood_cocktails/hollywood__the-moontower__p025.webp,Hollywood Cocktails,The Moontower,the-moontower,,rejected_stale_manifest_target,,"Target is an obsolete manifest key, absent from canonical recipes.json."
images/hollywood_cocktails/hollywood__room-with-a-view__p026.webp,Hollywood Cocktails,Room with a View,room-with-a-view,room-with-a-view,copied_verified_webp,assets/recipes/hollywood__room-with-a-view__p026.webp,
images/hollywood_cocktails/hollywood__thunder-punch__p029.webp,Hollywood Cocktails,Thunder Punch,thunder-punch,,rejected_stale_manifest_target,,"Target is an obsolete manifest key, absent from canonical recipes.json."
images/hollywood_cocktails/hollywood__the-slammer__p030.webp,Hollywood Cocktails,The Slammer,the-slammer,the-slammer,copied_verified_webp,assets/recipes/hollywood__the-slammer__p030.webp,
images/hollywood_cocktails/hollywood__dirty-martini__p033.webp,Hollywood Cocktails,Dirty Martini,dirty-martini,,rejected_stale_manifest_target,,"Target is an obsolete manifest key, absent from canonical recipes.json."
images/hollywood_cocktails/hollywood__sakura-martini__p034.webp,Hollywood Cocktails,Sakura Martini,sakura-martini,sakura-martini,copied_verified_webp,assets/recipes/hollywood__sakura-martini__p034.webp,
images/hollywood_cocktails/hollywood__french-negroni__p038.webp,Hollywood Cocktails,French Negroni,french-negroni,,rejected_stale_manifest_target,,"Target is an obsolete manifest key, absent from canonical recipes.json."
images/hollywood_cocktails/hollywood__rose-water-sour__p041.webp,Hollywood Cocktails,Rose Water Sour,rose-water-sour,,rejected_stale_manifest_target,,"Target is an obsolete manifest key, absent from canonical recipes.json."
images/hollywood_cocktails/hollywood__old-timer__p042.webp,Hollywood Cocktails,Old Timer,old-timer,,rejected_stale_manifest_target,,"Target is an obsolete manifest key, absent from canonical recipes.json."
images/hollywood_cocktails/hollywood__sazerac__p045.webp,Hollywood Cocktails,Sazerac,sazerac,,rejected_stale_manifest_target,,"Target is an obsolete manifest key, absent from canonical recipes.json."
images/hollywood_cocktails/hollywood__scotch-and-salt__p049.webp,Hollywood Cocktails,Scotch and Salt,scotch-and-salt,scotch-and-salt,copied_verified_webp,assets/recipes/hollywood__scotch-and-salt__p049.webp,
images/hollywood_cocktails/hollywood__the-high-roller__p050.webp,Hollywood Cocktails,The High Roller,the-high-roller,the-high-roller,copied_verified_webp,assets/recipes/hollywood__the-high-roller__p050.webp,
images/hollywood_cocktails/hollywood__the-dirty-spy__p053.webp,Hollywood Cocktails,The Dirty Spy,the-dirty-spy,,rejected_stale_manifest_target,,"Target is an obsolete manifest key, absent from canonical recipes.json."
images/hollywood_cocktails/hollywood__cards-on-the-table__p054.webp,Hollywood Cocktails,Cards on the Table,cards-on-the-table,cards-on-the-table,copied_verified_webp,assets/recipes/hollywood__cards-on-the-table__p054.webp,
images/hollywood_cocktails/hollywood__rusty-nail__p061.webp,Hollywood Cocktails,Rusty Nail,rusty-nail,rusty-nail,copied_verified_webp,assets/recipes/hollywood__rusty-nail__p061.webp,
images/hollywood_cocktails/hollywood__vodka-blush__p062.webp,Hollywood Cocktails,Vodka Blush,vodka-blush,,rejected_stale_manifest_target,,"Target is an obsolete manifest key, absent from canonical recipes.json."
images/hollywood_cocktails/hollywood__gibson__p065.webp,Hollywood Cocktails,Gibson,gibson,gibson,copied_verified_webp,assets/recipes/hollywood__gibson__p065.webp,
images/hollywood_cocktails/hollywood__tom-and-jerry__p069.webp,Hollywood Cocktails,Tom & Jerry,tom-jerry,tom-jerry,copied_verified_webp,assets/recipes/hollywood__tom-and-jerry__p069.webp,
images/hollywood_cocktails/hollywood__true-romance__p070.webp,Hollywood Cocktails,True Romance,true-romance,,rejected_stale_manifest_target,,"Target is an obsolete manifest key, absent from canonical recipes.json."
images/hollywood_cocktails/hollywood__the-godfather__p073.webp,Hollywood Cocktails,The Godfather,the-godfather,the-godfather,copied_verified_webp,assets/recipes/hollywood__the-godfather__p073.webp,
images/hollywood_cocktails/hollywood__lady-day__p074.webp,Hollywood Cocktails,Lady Day,lady-day,lady-day,copied_verified_webp,assets/recipes/hollywood__lady-day__p074.webp,
images/hollywood_cocktails/hollywood__manhattan-sour__p077.webp,Hollywood Cocktails,Manhattan Sour,manhattan-sour,,rejected_stale_manifest_target,,"Target is an obsolete manifest key, absent from canonical recipes.json."
images/hollywood_cocktails/hollywood__a-dark-art__p085.webp,Hollywood Cocktails,A Dark Art,a-dark-art,,rejected_stale_manifest_target,,"Target is an obsolete manifest key, absent from canonical recipes.json."
images/hollywood_cocktails/hollywood__tom-collins__p086.webp,Hollywood Cocktails,Tom Collins,tom-collins,tom-collins,copied_verified_webp,assets/recipes/hollywood__tom-collins__p086.webp,
images/hollywood_cocktails/hollywood__sunset-strip__p089.webp,Hollywood Cocktails,Sunset Strip,sunset-strip,,rejected_stale_manifest_target,,"Target is an obsolete manifest key, absent from canonical recipes.json."
images/hollywood_cocktails/hollywood__buttermaker__p093.webp,Hollywood Cocktails,Buttermaker,buttermaker,,rejected_stale_manifest_target,,"Target is an obsolete manifest key, absent from canonical recipes.json."
images/hollywood_cocktails/hollywood__7-and-7__p097.webp,Hollywood Cocktails,7 & 7,7-7,,rejected_stale_manifest_target,,"Target is an obsolete manifest key, absent from canonical recipes.json."
images/hollywood_cocktails/hollywood__screwdriver__p098.webp,Hollywood Cocktails,Screwdriver,screwdriver,,rejected_stale_manifest_target,,"Target is an obsolete manifest key, absent from canonical recipes.json."
images/hollywood_cocktails/hollywood__pink-lady__p101.webp,Hollywood Cocktails,Pink Lady,pink-lady,pink-lady,copied_verified_webp,assets/recipes/hollywood__pink-lady__p101.webp,
images/hollywood_cocktails/hollywood__the-bronx__p105.webp,Hollywood Cocktails,The Bronx,the-bronx,the-bronx,copied_verified_webp,assets/recipes/hollywood__the-bronx__p105.webp,
images/hollywood_cocktails/hollywood__gentleman-caller__p109.webp,Hollywood Cocktails,Gentleman Caller,gentleman-caller,,rejected_stale_manifest_target,,"Target is an obsolete manifest key, absent from canonical recipes.json."
images/hollywood_cocktails/hollywood__white-russian__p110.webp,Hollywood Cocktails,White Russian,white-russian,white-russian,copied_verified_webp,assets/recipes/hollywood__white-russian__p110.webp,
images/hollywood_cocktails/hollywood__gentleman-s-manhattan__p113.webp,Hollywood Cocktails,Gentleman's Manhattan,gentleman-s-manhattan,,rejected_stale_manifest_target,,"Target is an obsolete manifest key, absent from canonical recipes.json."
images/hollywood_cocktails/hollywood__long-island-iced-tea__p117.webp,Hollywood Cocktails,Long Island Iced Tea,long-island-iced-tea,,rejected_stale_manifest_target,,"Target is an obsolete manifest key, absent from canonical recipes.json."
images/hollywood_cocktails/hollywood__be-my-wine__p118.webp,Hollywood Cocktails,Be My Wine,be-my-wine,,rejected_stale_manifest_target,,"Target is an obsolete manifest key, absent from canonical recipes.json."
images/hollywood_cocktails/hollywood__purple-rain__p121.webp,Hollywood Cocktails,Purple Rain,purple-rain,,rejected_stale_manifest_target,,"Target is an obsolete manifest key, absent from canonical recipes.json."
images/hollywood_cocktails/hollywood__espresso-martini__p122.webp,Hollywood Cocktails,Espresso Martini,espresso-martini,,rejected_stale_manifest_target,,"Target is an obsolete manifest key, absent from canonical recipes.json."
images/hollywood_cocktails/hollywood__the-hardest-walk__p125.webp,Hollywood Cocktails,The Hardest Walk,the-hardest-walk,the-hardest-walk,copied_verified_webp,assets/recipes/hollywood__the-hardest-walk__p125.webp,
images/hollywood_cocktails/hollywood__ferrari-named-desire__p126.webp,Hollywood Cocktails,Ferrari Named Desire,ferrari-named-desire,ferrari-named-desire,copied_verified_webp,assets/recipes/hollywood__ferrari-named-desire__p126.webp,
images/hollywood_cocktails/hollywood__when-you-re-a-jet__p129.webp,Hollywood Cocktails,When You're a Jet,when-you-re-a-jet,when-you-re-a-jet,copied_verified_webp,assets/recipes/hollywood__when-you-re-a-jet__p129.webp,
images/hollywood_cocktails/hollywood__absolut-bitch__p130.webp,Hollywood Cocktails,Absolut Bitch,absolut-bitch,,rejected_stale_manifest_target,,"Target is an obsolete manifest key, absent from canonical recipes.json."
images/hollywood_cocktails/hollywood__sidecar__p133.webp,Hollywood Cocktails,Sidecar,sidecar,sidecar,copied_verified_webp,assets/recipes/hollywood__sidecar__p133.webp,
images/hollywood_cocktails/hollywood__chicago-cocktail__p134.webp,Hollywood Cocktails,Chicago Cocktail,chicago-cocktail,,rejected_stale_manifest_target,,"Target is an obsolete manifest key, absent from canonical recipes.json."
images/hollywood_cocktails/hollywood__admiral-cocktail__p138.webp,Hollywood Cocktails,Admiral Cocktail,admiral-cocktail,,rejected_stale_manifest_target,,"Target is an obsolete manifest key, absent from canonical recipes.json."
images/hollywood_cocktails/hollywood__haze-for-days__p141.webp,Hollywood Cocktails,Haze for Days,haze-for-days,,rejected_stale_manifest_target,,"Target is an obsolete manifest key, absent from canonical recipes.json."
images/hollywood_cocktails/hollywood__a-promise-s-ghost__p142.webp,Hollywood Cocktails,A Promise's Ghost,a-promise-s-ghost,,rejected_stale_manifest_target,,"Target is an obsolete manifest key, absent from canonical recipes.json."
images/hollywood_cocktails/hollywood__innuendo__p145.webp,Hollywood Cocktails,Innuendo,innuendo,innuendo,copied_verified_webp,assets/recipes/hollywood__innuendo__p145.webp,
images/hollywood_cocktails/hollywood__whiskey-sour__p146.webp,Hollywood Cocktails,Whiskey Sour,whiskey-sour,whiskey-sour,copied_verified_webp,assets/recipes/hollywood__whiskey-sour__p146.webp,
images/hollywood_cocktails/hollywood__kitchen-sink__p149.webp,Hollywood Cocktails,Kitchen Sink,kitchen-sink,kitchen-sink,copied_verified_webp,assets/recipes/hollywood__kitchen-sink__p149.webp,
images/hollywood_cocktails/hollywood__temptation__p150.webp,Hollywood Cocktails,Temptation,,,retained_original_unmatched,,
images/hollywood_cocktails/hollywood__angel-s-kiss__p154.webp,Hollywood Cocktails,Angel's Kiss,angel-s-kiss,,rejected_stale_manifest_target,,"Target is an obsolete manifest key, absent from canonical recipes.json."
images/hollywood_cocktails/hollywood__whiskey-danger__p157.webp,Hollywood Cocktails,Whiskey Danger,whiskey-danger,whiskey-danger,copied_verified_webp,assets/recipes/hollywood__whiskey-danger__p157.webp,
images/hollywood_cocktails/hollywood__classic-cosmopolitan__p158.webp,Hollywood Cocktails,Classic Cosmopolitan,cosmopolitan,cosmopolitan,copied_verified_webp,assets/recipes/hollywood__classic-cosmopolitan__p158.webp,
images/hollywood_cocktails/hollywood__simple-manhattan__p163.webp,Hollywood Cocktails,Simple Manhattan,manhattan,simple-manhattan,copied_verified_webp,assets/recipes/hollywood__simple-manhattan__p163.webp,
images/hollywood_cocktails/hollywood__rum-chocolate__p164.webp,Hollywood Cocktails,Rum Chocolate,,,retained_original_unmatched,,
images/hollywood_cocktails/hollywood__runaway-rum-runner-punch__p168.webp,Hollywood Cocktails,Runaway Rum Runner Punch,,,retained_original_unmatched,,
images/hollywood_cocktails/hollywood__throwing-shade__p173.webp,Hollywood Cocktails,Throwing Shade,,,retained_original_unmatched,,
images/hollywood_cocktails/hollywood__americano__p174.webp,Hollywood Cocktails,Americano,americano,,rejected_stale_manifest_target,,"Target is an obsolete manifest key, absent from canonical recipes.json."
images/hollywood_cocktails/hollywood__whiskey-business__p177.webp,Hollywood Cocktails,Whiskey Business,,,retained_original_unmatched,,
images/hollywood_cocktails/hollywood__double-dickel-on-the-rocks__p178.webp,Hollywood Cocktails,Double Dickel on the Rocks,,,retained_original_unmatched,,
images/hollywood_cocktails/hollywood__the-martinez__p185.webp,Hollywood Cocktails,The Martinez,martinez,martinez,copied_verified_webp,assets/recipes/hollywood__the-martinez__p185.webp,
images/hollywood_cocktails/hollywood__what-really-happened__p186.webp,Hollywood Cocktails,What Really Happened,,,retained_original_unmatched,,
images/hollywood_cocktails/hollywood__mind-eraser__p189.webp,Hollywood Cocktails,Mind Eraser,,,retained_original_unmatched,,
images/hollywood_cocktails/hollywood__red-head__p190.webp,Hollywood Cocktails,Red Head,,,retained_original_unmatched,,
images/hollywood_cocktails/hollywood__snake-bite__p193.webp,Hollywood Cocktails,Snake Bite,,,retained_original_unmatched,,
images/hollywood_cocktails/hollywood__the-only-word__p201.webp,Hollywood Cocktails,The Only Word,,,retained_original_unmatched,,
images/tropical_standard/tropical-standard__tropical-itch__photo-p053.webp,Tropical Standard,Tropical Itch,,,retained_original_unmatched,,
images/tropical_standard/tropical-standard__special-daiquiri-no-1__photo-p059.webp,Tropical Standard,Special Daiquiri No. 1,special-daiquiri-no-1,special-daiquiri-no-1,reused_source_page,assets/recipes/special-daiquiri-no-1-03.webp,
images/tropical_standard/tropical-standard__winter-in-l-a__photo-p067.webp,Tropical Standard,Winter in L.A.,winter-in-l-a,winter-in-l-a,reused_source_page,assets/recipes/winter-in-l-a-03.webp,
images/tropical_standard/tropical-standard__daiquiri__photo-p076.webp,Tropical Standard,Daiquiri,daiquiri,daiquiri,reused_source_page,assets/recipes/daiquiri-03.webp,
images/tropical_standard/tropical-standard__yellow-bird__photo-p083.webp,Tropical Standard,Yellow Bird,,,retained_original_unmatched,,
images/tropical_standard/tropical-standard__heroes-and-villains__photo-p091.webp,Tropical Standard,Heroes and Villains,heroes-and-villains,heroes-and-villains,reused_source_page,assets/recipes/heroes-and-villains-03.webp,
images/tropical_standard/tropical-standard__mai-tai__photo-p097.webp,Tropical Standard,Mai Tai,mai-tai,mai-tai,reused_source_page,assets/recipes/mai-tai-03.webp,
images/tropical_standard/tropical-standard__el-diablo__photo-p109.webp,Tropical Standard,El Diablo,el-diablo,el-diablo,reused_source_page,assets/recipes/el-diablo-03.webp,
images/tropical_standard/tropical-standard__santa-cruz-royal-cobbler__photo-p113.webp,Tropical Standard,Santa Cruz Royal Cobbler,,,retained_original_unmatched,,
images/tropical_standard/tropical-standard__hibiscus-pacific__photo-p137.webp,Tropical Standard,Hibiscus Pacific,hibiscus-pacific,hibiscus-pacific,reused_source_page,assets/recipes/hibiscus-pacific-03.webp,
images/tropical_standard/tropical-standard__pina-colada__photo-p144.webp,Tropical Standard,Piña Colada,pina-colada,pina-colada,reused_source_page,assets/recipes/pina-colada-03.webp,
images/tropical_standard/tropical-standard__manta-ray__photo-p156.webp,Tropical Standard,Manta Ray,manta-ray,manta-ray,reused_source_page,assets/recipes/manta-ray-03.webp,
images/tropical_standard/tropical-standard__colonial-grog__photo-p164.webp,Tropical Standard,Colonial Grog,,,retained_original_unmatched,,
images/tropical_standard/tropical-standard__violet-chachki__photo-p174.webp,Tropical Standard,Violet Chachki,violet-chachki,violet-chachki,reused_source_page,assets/recipes/violet-chachki-03.webp,
images/tropical_standard/tropical-standard__bay-of-pigs__photo-p177.webp,Tropical Standard,Bay of Pigs,bay-of-pigs,bay-of-pigs,reused_source_page,assets/recipes/bay-of-pigs-03.webp,
images/tropical_standard/tropical-standard__mr-hoy-s-manhattan__photo-p188.webp,Tropical Standard,Mr. Hoy’s Manhattan,,,retained_original_unmatched,,
images/tropical_standard/tropical-standard__beachcomber-negroni__photo-p199.webp,Tropical Standard,Beachcomber Negroni,beachcomber-negroni,beachcomber-negroni,reused_source_page,assets/recipes/beachcomber-negroni-03.webp,
images/tropical_standard/tropical-standard__swamp-fire__photo-p206.webp,Tropical Standard,Swamp Fire,,,retained_original_unmatched,,
images/tropical_standard/tropical-standard__minoan__photo-p210.webp,Tropical Standard,Minoan,,,retained_original_unmatched,,
images/tropical_standard/tropical-standard__kiruna-cooler__photo-p219.webp,Tropical Standard,Kiruna Cooler,kiruna-cooler,kiruna-cooler,reused_source_page,assets/recipes/kiruna-cooler-03.webp,
images/tropical_standard/tropical-standard__from-dusk-till-dawn__photo-p253.webp,Tropical Standard,From Dusk till Dawn,,,retained_original_unmatched,,
images/tropical_standard/tropical-standard__pineapple-princess__photo-p256.webp,Tropical Standard,Pineapple Princess,pineapple-princess,pineapple-princess,reused_source_page,assets/recipes/pineapple-princess-03.webp,
images/tropical_standard/tropical-standard__navy-grog__photo-p271.webp,Tropical Standard,Navy Grog,navy-grog,navy-grog,reused_source_page,assets/recipes/navy-grog-03.webp,
images/tropical_standard/tropical-standard__toro-toro-ole-a-la-blood-and-sand__photo-p320.webp,Tropical Standard,"Toro, Toro, Olé! (à la Blood and Sand)",,,retained_original_unmatched,,
