photoPdfPage,printedPage,reason,recipePdfPage,source,sourceFile,sourceTitle,sourceYear
216.0,,Photo is a Modern Recipes section opener with no exact recipe identity; excluded from strict recipe-image mapping.,217.0,Essential Cocktail Book,ess2017-photo-p216.webp,RECIPES,2017.0
41.0,,"Largest embedded object is a recipe/page screenshot or text page, not a standalone cocktail photograph; excluded after visual audit.",41.0,Essential Cocktails 2021,ryan2021-manhattan-dry-p041.webp,Manhattan Dry,2021.0
42.0,,"Largest embedded object is a recipe/page screenshot or text page, not a standalone cocktail photograph; excluded after visual audit.",42.0,Essential Cocktails 2021,ryan2021-manhattan-perfect-p042.webp,Manhattan Perfect,2021.0
43.0,,"Largest embedded object is a recipe/page screenshot or text page, not a standalone cocktail photograph; excluded after visual audit.",43.0,Essential Cocktails 2021,ryan2021-margarita-smoky-chili-p043.webp,Margarita Smoky Chili,2021.0
44.0,,"Largest embedded object is a recipe/page screenshot or text page, not a standalone cocktail photograph; excluded after visual audit.",44.0,Essential Cocktails 2021,ryan2021-margarita-bitter-orange-p044.webp,Margarita Bitter Orange,2021.0
45.0,,"Largest embedded object is a recipe/page screenshot or text page, not a standalone cocktail photograph; excluded after visual audit.",45.0,Essential Cocktails 2021,ryan2021-margarita-spritz-strawberry-p045.webp,Margarita Spritz Strawberry,2021.0
48.0,,"Largest embedded object is a recipe/page screenshot or text page, not a standalone cocktail photograph; excluded after visual audit.",48.0,Essential Cocktails 2021,ryan2021-margarita-frozen-p048.webp,Margarita Frozen,2021.0
49.0,,"Largest embedded object is a recipe/page screenshot or text page, not a standalone cocktail photograph; excluded after visual audit.",49.0,Essential Cocktails 2021,ryan2021-tommy-s-margarita-p049.webp,Tommy’s Margarita,2021.0
50.0,,"Largest embedded object is a recipe/page screenshot or text page, not a standalone cocktail photograph; excluded after visual audit.",50.0,Essential Cocktails 2021,ryan2021-margarita-cadillac-p050.webp,Margarita Cadillac,2021.0
51.0,,"Largest embedded object is a recipe/page screenshot or text page, not a standalone cocktail photograph; excluded after visual audit.",51.0,Essential Cocktails 2021,ryan2021-margarita-hibiscus-p051.webp,Margarita Hibiscus,2021.0
52.0,,"Largest embedded object is a recipe/page screenshot or text page, not a standalone cocktail photograph; excluded after visual audit.",52.0,Essential Cocktails 2021,ryan2021-margarita-tamarind-p052.webp,Margarita Tamarind,2021.0
53.0,,"Largest embedded object is a recipe/page screenshot or text page, not a standalone cocktail photograph; excluded after visual audit.",53.0,Essential Cocktails 2021,ryan2021-martini-p053.webp,Martini,2021.0
55.0,,"Largest embedded object is a recipe/page screenshot or text page, not a standalone cocktail photograph; excluded after visual audit.",55.0,Essential Cocktails 2021,ryan2021-negroni-tequila-p055.webp,Negroni Tequila,2021.0
56.0,,"Largest embedded object is a recipe/page screenshot or text page, not a standalone cocktail photograph; excluded after visual audit.",56.0,Essential Cocktails 2021,ryan2021-negroni-sour-p056.webp,Negroni Sour,2021.0
58.0,,"Largest embedded object is a recipe/page screenshot or text page, not a standalone cocktail photograph; excluded after visual audit.",58.0,Essential Cocktails 2021,ryan2021-classic-rum-punch-p058.webp,Classic Rum Punch,2021.0
59.0,,"Largest embedded object is a recipe/page screenshot or text page, not a standalone cocktail photograph; excluded after visual audit.",59.0,Essential Cocktails 2021,ryan2021-myrtle-bank-rum-punch-p059.webp,Myrtle Bank Rum Punch,2021.0
60.0,,"Largest embedded object is a recipe/page screenshot or text page, not a standalone cocktail photograph; excluded after visual audit.",60.0,Essential Cocktails 2021,ryan2021-planter-s-punch-rum-p060.webp,Planter’s Punch Rum,2021.0
147.0,,Preceding page is blank/text-only rather than a cocktail photograph; excluded after visual comparison with the adjacent recipe page.,148.0,Tropical Standard,tropical-cloud-forest-photo-p147.webp,Cloud Forest,
159.0,,Preceding page is blank/text-only rather than a cocktail photograph; excluded after visual comparison with the adjacent recipe page.,160.0,Tropical Standard,tropical-field-of-mars-photo-p159.webp,Field of Mars,
343.0,,Preceding page is blank/text-only rather than a cocktail photograph; excluded after visual comparison with the adjacent recipe page.,344.0,Tropical Standard,tropical-yacht-rock-la-tortuga-photo-p343.webp,Yacht Rock (à la Tortuga),
,228.0,Caption is generic and not tied to a specific named recipe spec; excluded from strict exact-recipe mapping.,,Agave Companion,agave-a-classic-margarita-p228.webp,A classic Margarita.,2023.0
18.0,14.0,No standalone cocktail photograph was present on the named recipe page in the source; excluded rather than guessing from adjacent pages.,18.0,Hollywood Cocktails,,Original French 75,2020.0
21.0,17.0,No standalone cocktail photograph was present on the named recipe page in the source; excluded rather than guessing from adjacent pages.,21.0,Hollywood Cocktails,,Hot Buttered Rum,2020.0
37.0,33.0,Automated candidate was recipe text/background rather than a standalone cocktail photograph; rejected after visual audit.,37.0,Hollywood Cocktails,,'Tis the Seasontini,2020.0
46.0,42.0,Automated candidate was recipe text/background rather than a standalone cocktail photograph; rejected after visual audit.,46.0,Hollywood Cocktails,,Manhattan,2020.0
57.0,53.0,Automated candidate was recipe text/background rather than a standalone cocktail photograph; rejected after visual audit.,57.0,Hollywood Cocktails,,Grasshopper,2020.0
58.0,54.0,No standalone cocktail photograph was present on the named recipe page in the source; excluded rather than guessing from adjacent pages.,58.0,Hollywood Cocktails,,Pear Pressure,2020.0
66.0,62.0,No standalone cocktail photograph was present on the named recipe page in the source; excluded rather than guessing from adjacent pages.,66.0,Hollywood Cocktails,,Bull Shot,2020.0
78.0,74.0,Automated candidate was recipe text/background rather than a standalone cocktail photograph; rejected after visual audit.,78.0,Hollywood Cocktails,,Lemon Drop,2020.0
81.0,77.0,No standalone cocktail photograph was present on the named recipe page in the source; excluded rather than guessing from adjacent pages.,81.0,Hollywood Cocktails,,Paper Moon,2020.0
82.0,78.0,No standalone cocktail photograph was present on the named recipe page in the source; excluded rather than guessing from adjacent pages.,82.0,Hollywood Cocktails,,The Fleur du Mal,2020.0
90.0,86.0,No standalone cocktail photograph was present on the named recipe page in the source; excluded rather than guessing from adjacent pages.,90.0,Hollywood Cocktails,,Knight Takes Bishop,2020.0
94.0,90.0,No standalone cocktail photograph was present on the named recipe page in the source; excluded rather than guessing from adjacent pages.,94.0,Hollywood Cocktails,,"Blood, Lust & Diamonds",2020.0
102.0,98.0,Automated candidate was recipe text/background rather than a standalone cocktail photograph; rejected after visual audit.,102.0,Hollywood Cocktails,,Corpse Reviver No. 2,2020.0
106.0,102.0,No standalone cocktail photograph was present on the named recipe page in the source; excluded rather than guessing from adjacent pages.,106.0,Hollywood Cocktails,,Alternative Aviation,2020.0
114.0,110.0,Automated candidate was recipe text/background rather than a standalone cocktail photograph; rejected after visual audit.,114.0,Hollywood Cocktails,,Banana Punch,2020.0
137.0,133.0,No standalone cocktail photograph was present on the named recipe page in the source; excluded rather than guessing from adjacent pages.,137.0,Hollywood Cocktails,,The Smoking Gun,2020.0
153.0,149.0,Automated candidate was recipe text/background rather than a standalone cocktail photograph; rejected after visual audit.,153.0,Hollywood Cocktails,,"Lawyers, Guns & Money",2020.0
160.0,156.0,No standalone cocktail photograph was present on the named recipe page in the source; excluded rather than guessing from adjacent pages.,160.0,Hollywood Cocktails,,Bloody Mary,2020.0
167.0,163.0,Automated candidate was recipe text/background rather than a standalone cocktail photograph; rejected after visual audit.,167.0,Hollywood Cocktails,,The Brave,2020.0
170.0,166.0,No standalone cocktail photograph was present on the named recipe page in the source; excluded rather than guessing from adjacent pages.,170.0,Hollywood Cocktails,,Headless Horseman,2020.0
181.0,177.0,Automated candidate was recipe text/background rather than a standalone cocktail photograph; rejected after visual audit.,181.0,Hollywood Cocktails,,Picturing Wild Fields,2020.0
182.0,178.0,No standalone cocktail photograph was present on the named recipe page in the source; excluded rather than guessing from adjacent pages.,182.0,Hollywood Cocktails,,Pink Peppercorn & Grapefruit Margarita,2020.0
194.0,190.0,No standalone cocktail photograph was present on the named recipe page in the source; excluded rather than guessing from adjacent pages.,194.0,Hollywood Cocktails,,Zombie,2020.0
197.0,193.0,Automated candidate was recipe text/background rather than a standalone cocktail photograph; rejected after visual audit.,197.0,Hollywood Cocktails,,Deal Breaker,2020.0
198.0,194.0,Automated candidate was recipe text/background rather than a standalone cocktail photograph; rejected after visual audit.,198.0,Hollywood Cocktails,,Wax and Wane,2020.0
