id,name,category,collections,reason
"agua-de-valencia","Agua de Valencia","International","Shakerrr World","no-image-candidate"
"all-purpose-margarita","All-Purpose Margarita","Mezcal","Agave Companion","no-image-candidate"
"angies-secret","Angie’s Secret","Death & Co","Death & Co","no-image-candidate"
"arrack-strap","Arrack Strap","Death & Co","Death & Co","no-image-candidate"
"batanga","Batanga","International","Shakerrr World","no-image-candidate"
"batida-de-coco","Batida de Coco","International","Shakerrr World","no-image-candidate"
"battle-for-pueblo","Battle For Pueblo","Mezcal","Shakerrr Mezcal Library","no-image-candidate"
"bellini","Bellini","International","Shakerrr World","no-image-candidate"
"black-market-brandy","Black Market Brandy","Death & Co","Death & Co","no-image-candidate"
"black-market-manhattan","Black Market Manhattan","Death & Co","Death & Co","no-image-candidate"
"blazing-saddles","Blazing Saddles","Death & Co","Death & Co","no-image-candidate"
"blood-lust-diamonds","Blood, Lust & Diamonds","Movies","Cocktails from Movies","no-image-candidate"
"blue-leilani","Blue Leilani","Tropical","Tropical Standard","no-image-candidate"
"bobby-burns","Bobby Burns","Death & Co","Death & Co","no-image-candidate"
"bronze-swizzle","Bronze Swizzle","Tropical","Tropical Standard","no-image-candidate"
"bull-shot","Bull Shot","Movies","Cocktails from Movies","no-image-candidate"
"caesar","Caesar","International","Shakerrr World","no-image-candidate"
"canelazo","Canelazo","International","Shakerrr World","no-image-candidate"
"cantarito","Cantarito","International","Shakerrr World","no-image-candidate"
"capitan","Capitán","International","Shakerrr World","no-image-candidate"
"carajillo-43","Carajillo 43","International","Shakerrr World","no-image-candidate"
"caribou","Caribou","International","Shakerrr World","no-image-candidate"
"chacmool-hibol","Chacmool Hibol","Mezcal","Agave Companion","no-image-candidate"
"champs-elysees","Champs-Elysées","Death & Co","Death & Co","no-image-candidate"
"chilcano","Chilcano","International","Shakerrr World","no-image-candidate"
"cilantro-bravo","Cilantro Bravo","Mezcal","Shakerrr Mezcal Library","no-image-candidate"
"classic-rum-punch","Classic Rum Punch","Book","Essential Cocktails 2021","no-image-candidate"
"coconut-creamsicle","Coconut Creamsicle","Mezcal","Agave Companion","no-image-candidate"
"corn-n-oil","Corn ’n’ Oil","International","Shakerrr World","no-image-candidate"
"corpse-reviver-2","Corpse Reviver #2","Death & Co","Death & Co","no-image-candidate"
"cuba-libre","Cuba Libre","International","Shakerrr World","no-image-candidate"
"cynaro-de-bergerac","Cynaro de Bergerac","Death & Co","Death & Co","no-image-candidate"
"dark-and-stormy","Dark and Stormy","Death & Co","Death & Co","no-image-candidate"
"dark-star","Dark Star","Tropical","Tropical Standard","no-image-candidate"
"de-ville","De Ville","Tropical","Tropical Standard","no-image-candidate"
"deadpan-fix","Deadpan Fix","Death & Co","Death & Co","no-image-candidate"
"death-to-el-gusano","Death To El Gusano","Mezcal","Shakerrr Mezcal Library","no-image-candidate"
"derby-daiquiri","Derby Daiquiri","Tropical","Tropical Standard","no-image-candidate"
"division-bell","Division Bell","Mezcal","Shakerrr Mezcal Library","no-image-candidate"
"docs-dram","Doc’s Dram","Death & Co","Death & Co","no-image-candidate"
"doctor-funkenstein","Doctor Funkenstein","Tropical","Tropical Standard","no-image-candidate"
"donga-punch","Donga Punch","Tropical","Tropical Standard","no-image-candidate"
"donns-demon","Donn’s Demon","Tropical","Shakerrr","no-image-candidate"
"earl-grey-paloma","Earl Grey Paloma","Mezcal","Agave Companion","no-image-candidate"
"ees-berry-berry-good","Ees Berry Berry Good","Mezcal","Shakerrr Mezcal Library","no-image-candidate"
"el-ardido","El Ardido","Mezcal","Agave Companion","no-image-candidate"
"el-conde-de-san-dionisio","El Conde De San Dionisio","Mezcal","Shakerrr Mezcal Library","no-image-candidate"
"el-embarcadero","El Embarcadero","Mezcal","Shakerrr Mezcal Library","no-image-candidate"
"el-presidente","El Presidente","Tropical","Tropical Standard","no-image-candidate"
"elote-margarita","Elote Margarita","Mezcal","Agave Companion","no-image-candidate"
"elotero","Elotero","Mezcal","Agave Companion","no-image-candidate"
"espresso-mezcaltini","Espresso Mezcaltini","Mezcal","Agave Companion","no-image-candidate"
"exit-music","Exit Music","Mezcal","Shakerrr Mezcal Library","no-image-candidate"
"fancy-free","Fancy-Free","Death & Co","Death & Co","no-image-candidate"
"fernandito","Fernandito","International","Shakerrr World","no-image-candidate"
"fitzgerald","Fitzgerald","Death & Co","Death & Co","no-image-candidate"
"flamenco","Flamenco","Death & Co","Death & Co","no-image-candidate"
"flaquita","Flaquita","Death & Co","Death & Co","no-image-candidate"
"flor-de-jalisco","Flor de Jalisco","Death & Co","Death & Co","no-image-candidate"
"flor-de-jerez","Flor de Jerez","Death & Co","Death & Co","no-image-candidate"
"floridita-daiquiri","Floridita Daiquiri","Tropical","Tropical Standard","no-image-candidate"
"french-95","French 95","Death & Co","Death & Co","no-image-candidate"
"frozen-derby-daiquiri","Frozen Derby Daiquiri","Tropical","Tropical Standard","no-image-candidate"
"frozen-strawberry-daiquiri","Frozen Strawberry Daiquiri","Tropical","Tropical Standard","no-image-candidate"
"full-fathom-five","Full Fathom Five","Tropical","Tropical Standard","no-image-candidate"
"glandula-del-mono","Glandula del Mono","Death & Co","Death & Co","no-image-candidate"
"golden-gate","Golden Gate","Death & Co","Death & Co","no-image-candidate"
"hadleys-tears","Hadley’s Tears","Death & Co","Death & Co","no-image-candidate"
"hanky-panky","Hanky-Panky","Death & Co","Death & Co","no-image-candidate"
"hearthside-punch","Hearthside Punch","Tropical","Tropical Standard","no-image-candidate"
"heirloom-tomato-highball","Heirloom Tomato Highball","Mezcal","Agave Companion","no-image-candidate"
"honeysuckle","Honeysuckle","Death & Co","Death & Co","no-image-candidate"
"hot-buttered-rum","Hot Buttered Rum","Movies","Cocktails from Movies","no-image-candidate"
"hotel-nacional","Hotel Nacional","International","Shakerrr World","no-image-candidate"
"howl-on-the-hill","Howl on the Hill","Death & Co","Death & Co","no-image-candidate"
"improved-rum-cocktail","Improved Rum Cocktail","Tropical","Tropical Standard","no-image-candidate"
"incantation","Incantation","Tropical","Tropical Standard","no-image-candidate"
"irish-coffee","Irish Coffee","International","Shakerrr World","no-image-candidate"
"its-a-bittersweet-life","It’s A Bittersweet Life","Mezcal","Agave Companion","no-image-candidate"
"jack-rose","Jack Rose","Death & Co","Death & Co","no-image-candidate"
"japanese-slipper","Japanese Slipper","International","Shakerrr World","no-image-candidate"
"kalimotxo","Kalimotxo","International","Shakerrr World","no-image-candidate"
"kingston-zing","Kingston Zing","Tropical","Tropical Standard","no-image-candidate"
"kir","Kir","International","Shakerrr World","no-image-candidate"
"kir-royale","Kir Royale","International","Shakerrr World","no-image-candidate"
"kiwi-margarita","Kiwi Margarita","Mezcal","Shakerrr Mezcal Library","no-image-candidate"
"knight-takes-bishop","Knight Takes Bishop","Movies","Cocktails from Movies","no-image-candidate"
"la-dolce-vita","La Dolce Vita","Death & Co","Death & Co","no-image-candidate"
"la-otra-palabra","La Otra Palabra","Mezcal","Shakerrr Mezcal Library","no-image-candidate"
"la-parka","La Parka","Mezcal","Shakerrr Mezcal Library","no-image-candidate"
"la-penca","La Penca","Mezcal","Agave Companion","no-image-candidate"
"la-rosita","La Rosita","Death & Co","Death & Co","no-image-candidate"
"lawyers-guns-money","Lawyers, Guns & Money","Movies","Cocktails from Movies","no-image-candidate"
"lemon-drop","Lemon Drop","Movies","Cocktails from Movies","no-image-candidate"
"lemon-lime-and-bitters","Lemon Lime & Bitters","International","Shakerrr World","no-image-candidate"
"light-and-day","Light and Day","Death & Co","Death & Co","no-image-candidate"
"little-miss-annabelle","Little Miss Annabelle","Death & Co","Death & Co","no-image-candidate"
"little-sparrow","Little Sparrow","Death & Co","Death & Co","no-image-candidate"
"london-sour","London Sour","Tropical","Tropical Standard","no-image-candidate"
"maggie-smith","Maggie Smith","Death & Co","Death & Co","no-image-candidate"
"manhattan-dry","Manhattan Dry","Book","Essential Cocktails 2021","no-image-candidate"
"manhattan-perfect","Manhattan Perfect","Book","Essential Cocktails 2021","no-image-candidate"
"maple-nettle-hot-toddy","Maple Nettle Hot Toddy","Mezcal","Agave Companion","no-image-candidate"
"maquina-verde","Máquina Verde","Mezcal","Agave Companion","no-image-candidate"
"margarita-bitter-orange","Margarita Bitter Orange","Book","Essential Cocktails 2021","no-image-candidate"
"margarita-cadillac","Margarita Cadillac","Book","Essential Cocktails 2021","no-image-candidate"
"margarita-frozen","Margarita Frozen","Book","Essential Cocktails 2021","no-image-candidate"
"margarita-hibiscus","Margarita Hibiscus","Book","Essential Cocktails 2021","no-image-candidate"
"margarita-smoky-chili","Margarita Smoky Chili","Book","Essential Cocktails 2021","no-image-candidate"
"margarita-spritz-strawberry","Margarita Spritz Strawberry","Book","Essential Cocktails 2021","no-image-candidate"
"margarita-tamarind","Margarita Tamarind","Book","Essential Cocktails 2021","no-image-candidate"
"maximillian-affair","Maximillian Affair","Mezcal","Shakerrr Mezcal Library","no-image-candidate"
"may-fair","May Fair","Death & Co","Death & Co","no-image-candidate"
"mekhong-buck","Mekhong Buck","International","Shakerrr World","no-image-candidate"
"mezcal-bloody-mary","Mezcal Bloody Mary","Mezcal","Shakerrr Mezcal Library","no-image-candidate"
"mezcal-con-pepino","Mezcal Con Pepino","Mezcal","Shakerrr Mezcal Library","no-image-candidate"
"mezcal-floater","Mezcal Floater","Mezcal","Shakerrr Mezcal Library","no-image-candidate"
"mezcal-martini","Mezcal Martini","Mezcal","Shakerrr Mezcal Library","no-image-candidate"
"mezcal-mule","Mezcal Mule","Mezcal","Shakerrr Mezcal Library","no-image-candidate"
"mezcal-paloma","Mezcal Paloma","Mezcal","Agave Companion","no-image-candidate"
"mezcal-rita","Mezcal-Rita","Mezcal","Agave Companion","no-image-candidate"
"mezcal-sipping-broth","Mezcal Sipping Broth","Mezcal","Agave Companion","no-image-candidate"
"mezcalrita","Mezcalrita","Mezcal","Shakerrr Mezcal Library","no-image-candidate"
"milano-torino","Milano-Torino","International","Shakerrr World","no-image-candidate"
"miss-ruda","Miss Ruda","Mezcal","Agave Companion","no-image-candidate"
"mortal-enemy","Mortal Enemy","Death & Co","Death & Co","no-image-candidate"
"myrtle-bank-rum-punch","Myrtle Bank Rum Punch","Book","Essential Cocktails 2021","no-image-candidate"
"negroni-sour","Negroni Sour","Book","Essential Cocktails 2021","no-image-candidate"
"negroni-tequila","Negroni Tequila","Book","Essential Cocktails 2021","no-image-candidate"
"nitty-gritty","Nitty-Gritty","Death & Co","Death & Co","no-image-candidate"
"north-by-northwest","North by Northwest","Death & Co","Death & Co","no-image-candidate"
"oaxaca-express","Oaxaca Express","Mezcal","Agave Companion","no-image-candidate"
"oaxacan-dream","Oaxacan Dream","Mezcal","Shakerrr Mezcal Library","no-image-candidate"
"oaxacan-old-fashioned","Oaxacan Old-Fashioned","Mezcal","Shakerrr Mezcal Library","no-image-candidate"
"one-way-to-oaxaca","One Way To Oaxaca","Mezcal","Agave Companion","no-image-candidate"
"our-man-in-havana","Our Man in Havana","Tropical","Tropical Standard","no-image-candidate"
"paper-moon","Paper Moon","Movies","Cocktails from Movies","no-image-candidate"
"passing-aden","Passing Aden","Death & Co","Death & Co","no-image-candidate"
"pearls-before-swine","Pearls before Swine","Death & Co","Death & Co","no-image-candidate"
"penang-punch","Penang Punch","Tropical","Tropical Standard","no-image-candidate"
"pendennis-club-cocktail","Pendennis Club Cocktail","Death & Co","Death & Co","no-image-candidate"
"pic-a-de-crop-punch","Pic-a-de-Crop Punch","Death & Co","Death & Co","no-image-candidate"
"picosito","Picosito","Mezcal","Agave Companion","no-image-candidate"
"pimms-tropicale","Pimm’s Tropicale","Tropical","Tropical Standard","no-image-candidate"
"pina-brava","Piña Brava","Tropical","Tropical Standard","no-image-candidate"
"pina-colada-deconstruction","Pina Colada Deconstruction","Death & Co","Death & Co","no-image-candidate"
"pina-margarita","Piña Margarita","Mezcal","Agave Companion","no-image-candidate"
"pisco-punch","Pisco Punch","Tropical","Tropical Standard","no-image-candidate"
"piscola","Piscola","International","Shakerrr World","no-image-candidate"
"pkny","PKNY","Tropical","Tropical Standard","no-image-candidate"
"planters-punch-rum","Planter’s Punch Rum","Book","Essential Cocktails 2021","no-image-candidate"
"poblano-escobar","Poblano Escobar","Mezcal","Shakerrr Mezcal Library","no-image-candidate"
"poncha","Poncha","International","Shakerrr World","no-image-candidate"
"port-au-prince","Port au Prince","Death & Co","Death & Co","no-image-candidate"
"porto-tonico","Porto Tónico","International","Shakerrr World","no-image-candidate"
"possession","Possession*","Mezcal","Shakerrr Mezcal Library","no-image-candidate"
"preakness","Preakness","Death & Co","Death & Co","no-image-candidate"
"pretty-bird","Pretty Bird","Death & Co","Death & Co","no-image-candidate"
"prima-china","Prima China","Death & Co","Death & Co","no-image-candidate"
"rabo-de-galo","Rabo de Galo","International","Shakerrr World","no-image-candidate"
"rays-mystique","Ray’s Mystique","Tropical","Tropical Standard","no-image-candidate"
"rebujito","Rebujito","International","Shakerrr World","no-image-candidate"
"red-head","Red Head","Movies","Cocktails from Movies","no-image-candidate"
"refajo","Refajo","International","Shakerrr World","no-image-candidate"
"rgos","Los Amargos","Death & Co","Death & Co","no-image-candidate"
"rigadoon","Rigadoon","Death & Co","Death & Co","no-image-candidate"
"rosemary-cranberry-holiday-margarita","Rosemary-Cranberry Holiday Margarita","Mezcal","Agave Companion","no-image-candidate"
"rum-and-tonic","Rum and Tonic","Tropical","Tropical Standard","no-image-candidate"
"rum-swizzle","Rum Swizzle","International","Shakerrr World","no-image-candidate"
"santa-domingo","Santa Domingo","Mezcal","Shakerrr Mezcal Library","no-image-candidate"
"scarlet-fog","Scarlet Fog","Tropical","Tropical Standard","no-image-candidate"
"sergio-leone","Sergio Leone","Death & Co","Death & Co","no-image-candidate"
"sgroppino","Sgroppino","International","Shakerrr World","no-image-candidate"
"shattered-glasser","Shattered Glasser","Death & Co","Death & Co","no-image-candidate"
"short-rib","Short Rib","Death & Co","Death & Co","no-image-candidate"
"shruffs-end","Shruff’s End","Death & Co","Death & Co","no-image-candidate"
"silver-monk","Silver Monk","Death & Co","Death & Co","no-image-candidate"
"simple-mezcal-margarita","Simple Mezcal Margarita","Mezcal","Shakerrr","no-image-candidate"
"simplemente-delicioso","Simplemente Delicioso","Mezcal","Shakerrr Mezcal Library","no-image-candidate"
"smoky-bandit","Smoky Bandit*","Mezcal","Shakerrr Mezcal Library","no-image-candidate"
"smoky-ginger-margarita","Smoky Ginger Margarita","Mezcal","Agave Companion","no-image-candidate"
"so-danco-samba","Só Danço Samba","Tropical","Tropical Standard","no-image-candidate"
"somaek","Somaek","International","Shakerrr World","no-image-candidate"
"south-sider","South Sider","Death & Co","Death & Co","no-image-candidate"
"speed-of-delight","Speed Of Delight","Mezcal","Shakerrr Mezcal Library","no-image-candidate"
"spicy-paloma","Spicy Paloma","Mezcal","Agave Companion","no-image-candidate"
"strange-brew","Strange Brew","Death & Co","Death & Co","no-image-candidate"
"sub-mariner","Sub-Mariner","Tropical","Tropical Standard","no-image-candidate"
"sweet-lips","Sweet Lips*","Mezcal","Shakerrr Mezcal Library","no-image-candidate"
"te-amo","Te Amo","Death & Co","Death & Co","no-image-candidate"
"tenement-yard","Tenement Yard","Death & Co","Death & Co","no-image-candidate"
"the-brave","The Brave","Movies","Cocktails from Movies","no-image-candidate"
"the-commandant","The Commandant","Death & Co","Death & Co","no-image-candidate"
"the-dangerous-summer","The Dangerous Summer","Death & Co","Death & Co","no-image-candidate"
"the-green-mile","The Green Mile","Death & Co","Death & Co","no-image-candidate"
"the-lulu","The Lulu","Mezcal","Shakerrr Mezcal Library","no-image-candidate"
"the-minty-mezcal","The Minty Mezcal","Mezcal","Shakerrr Mezcal Library","no-image-candidate"
"the-misfit","The Misfit","Mezcal","Shakerrr Mezcal Library","no-image-candidate"
"the-olivia","The Olivia","Mezcal","Shakerrr Mezcal Library","no-image-candidate"
"the-whoa-mama","The Whoa Mama","Mezcal","Shakerrr Mezcal Library","no-image-candidate"
"there-will-be-blood-orange","There Will Be Blood (Orange)","Mezcal","Shakerrr Mezcal Library","no-image-candidate"
"time-in-tulum","Time In Tulum","Mezcal","Agave Companion","no-image-candidate"
"tipperary","Tipperary","International","Shakerrr World","no-image-candidate"
"tis-the-seasontini","'Tis the Seasontini","Movies","Cocktails from Movies","no-image-candidate"
"tommy-and-the-ron-dels","Tommy and the Ron-Dels","Death & Co","Death & Co","no-image-candidate"
"tommys-margarita","Tommy’s Margarita","Book","Essential Cocktails 2021","no-image-candidate"
"under-the-volcano","Under The Volcano","Mezcal","Shakerrr Mezcal Library","no-image-candidate"
"uxmal-city","Uxmal City","Mezcal","Agave Companion","no-image-candidate"
"vejk-sling","Vejk Sling","Death & Co","Death & Co","no-image-candidate"
"ward-8","Ward 8","Death & Co","Death & Co","no-image-candidate"
"wax-and-wane","Wax and Wane","Movies","Cocktails from Movies","no-image-candidate"
"western-sour","Western Sour","Tropical","Tropical Standard","no-image-candidate"
"whisky-highball","Whisky Highball","International","Shakerrr World","no-image-candidate"
"yacht-rock","Yacht Rock","Tropical","Tropical Standard","no-image-candidate"
"zombie-punch","Zombie Punch","Death & Co","Death & Co","no-image-candidate"
